{
  "_fv": 77,
  "_type": "armor",
  "definition": {
    "enableHelmet": true,
    "textureHelmet": "minecraft:empty_armor_slot_helmet",
    "enableBody": true,
    "textureBody": "minecraft:empty_armor_slot_chestplate",
    "enableLeggings": true,
    "textureLeggings": "minecraft:empty_armor_slot_leggings",
    "enableBoots": true,
    "textureBoots": "minecraft:empty_armor_slot_boots",
    "onHelmetTick": {
      "name": "PlayerEatsMagicEgg"
    },
    "onBodyTick": {
      "name": "PlayerEatsMagicEgg"
    },
    "onLeggingsTick": {
      "name": "PlayerEatsMagicEgg"
    },
    "onBootsTick": {
      "name": "PlayerEatsMagicEgg"
    },
    "creativeTabs": [
      {
        "value": "CUSTOM:EggsAreNowInsaneCreativeTab"
      }
    ],
    "armorTextureFile": "magic_egg_armor",
    "helmetName": "Burber Helmet",
    "bodyName": "Burber Chestplate",
    "leggingsName": "Burber Leggings",
    "bootsName": "Burber Boots",
    "helmetSpecialInformation": {
      "fixedValue": []
    },
    "bodySpecialInformation": {
      "fixedValue": []
    },
    "leggingsSpecialInformation": {
      "fixedValue": []
    },
    "bootsSpecialInformation": {
      "fixedValue": []
    },
    "helmetModelName": "Default",
    "helmetModelPart": "Helmet",
    "helmetModelTexture": "From armor",
    "bodyModelName": "Default",
    "bodyModelPart": "Body",
    "armsModelPartL": "Arms L",
    "armsModelPartR": "Arms R",
    "bodyModelTexture": "From armor",
    "leggingsModelName": "Default",
    "leggingsModelPartL": "Leggings L",
    "leggingsModelPartR": "Leggings R",
    "leggingsModelTexture": "From armor",
    "bootsModelName": "Default",
    "bootsModelPartL": "Boots L",
    "bootsModelPartR": "Boots R",
    "bootsModelTexture": "From armor",
    "helmetItemRenderType": 0,
    "helmetItemCustomModelName": "Normal",
    "bodyItemRenderType": 0,
    "bodyItemCustomModelName": "Normal",
    "leggingsItemRenderType": 0,
    "leggingsItemCustomModelName": "Normal",
    "bootsItemRenderType": 0,
    "bootsItemCustomModelName": "Normal",
    "helmetImmuneToFire": false,
    "bodyImmuneToFire": false,
    "leggingsImmuneToFire": false,
    "bootsImmuneToFire": false,
    "helmetGlowCondition": {
      "fixedValue": false
    },
    "bodyGlowCondition": {
      "fixedValue": false
    },
    "leggingsGlowCondition": {
      "fixedValue": false
    },
    "bootsGlowCondition": {
      "fixedValue": false
    },
    "helmetPiglinNeutral": {
      "fixedValue": false
    },
    "bodyPiglinNeutral": {
      "fixedValue": false
    },
    "leggingsPiglinNeutral": {
      "fixedValue": false
    },
    "bootsPiglinNeutral": {
      "fixedValue": false
    },
    "maxDamage": 999,
    "damageValueHelmet": 995,
    "damageValueBody": 996,
    "damageValueLeggings": 995,
    "damageValueBoots": 992,
    "enchantability": 9999,
    "toughness": 990.0,
    "knockbackResistance": 5.0,
    "equipSound": {
      "value": "block.anvil.place"
    },
    "repairItems": []
  }
}