{
  "_fv": 77,
  "_type": "tool",
  "definition": {
    "toolType": "Sword",
    "renderType": 0,
    "blockingRenderType": 0,
    "texture": "daisys_paw_texture_2",
    "customModelName": "Normal",
    "blockingModelName": "Normal blocking",
    "name": "Daisy's Paw",
    "specialInformation": {
      "fixedValue": [
        "I think she needs her nails trimming..."
      ]
    },
    "creativeTabs": [
      {
        "value": "CUSTOM:EggsAreNowInsaneCreativeTab"
      }
    ],
    "efficiency": 255.0,
    "attackSpeed": 1.6,
    "enchantability": 500,
    "damageVsEntity": 128000.0,
    "usageCount": 128000,
    "glowCondition": {
      "fixedValue": true
    },
    "repairItems": [
      {
        "value": "CUSTOM:EyeOfDaisy"
      }
    ],
    "immuneToFire": true,
    "blockDropsTier": "NETHERITE",
    "blocksAffected": [],
    "stayInGridWhenCrafting": false,
    "damageOnCrafting": false,
    "onEntityHitWith": {
      "name": "EntityHitByDaisysPaw"
    }
  }
}