{
  "_fv": 77,
  "_type": "item",
  "definition": {
    "renderType": 0,
    "texture": "eye_of_daisy_texture",
    "customModelName": "Normal",
    "customProperties": {},
    "states": [],
    "name": "Eye of Daisy",
    "rarity": "EPIC",
    "creativeTabs": [
      {
        "value": "CUSTOM:EggsAreNowInsaneCreativeTab"
      }
    ],
    "stackSize": 1,
    "enchantability": 0,
    "useDuration": 0,
    "toolType": 1.0,
    "damageCount": 0,
    "recipeRemainder": {
      "value": ""
    },
    "destroyAnyBlock": false,
    "immuneToFire": true,
    "stayInGridWhenCrafting": true,
    "damageOnCrafting": false,
    "enableMeleeDamage": false,
    "damageVsEntity": 0.0,
    "specialInformation": {
      "fixedValue": [
        "An eye for an eye and the world goes blind...",
        "Well.. maybe everyone except you, as you hold a lot of power here."
      ]
    },
    "glowCondition": {
      "fixedValue": true
    },
    "inventorySize": 9,
    "inventoryStackSize": 64,
    "enableRanged": false,
    "shootConstantly": false,
    "rangedItemChargesPower": false,
    "projectile": {
      "value": "Arrow"
    },
    "projectileDisableAmmoCheck": false,
    "isFood": false,
    "nutritionalValue": 4,
    "saturation": 0.3,
    "eatResultItem": {
      "value": ""
    },
    "isMeat": false,
    "isAlwaysEdible": false,
    "animation": "none",
    "isMusicDisc": false,
    "musicDiscMusic": {
      "value": ""
    },
    "musicDiscDescription": "",
    "musicDiscLengthInTicks": 100,
    "musicDiscAnalogOutput": 0
  }
}