{
  "_fv": 77,
  "_type": "tool",
  "definition": {
    "toolType": "Sword",
    "renderType": 0,
    "blockingRenderType": 0,
    "texture": "magic_egg_sword_texture",
    "customModelName": "Normal",
    "blockingModelName": "Normal blocking",
    "name": "Magic Egg Sword",
    "specialInformation": {
      "fixedValue": [
        "Sharp but brittle..."
      ]
    },
    "creativeTabs": [
      {
        "value": "CUSTOM:EggsAreNowInsaneCreativeTab"
      }
    ],
    "efficiency": 4.0,
    "attackSpeed": 1.6,
    "enchantability": 123,
    "damageVsEntity": 50.0,
    "usageCount": 127,
    "glowCondition": {
      "fixedValue": false
    },
    "repairItems": [
      {
        "value": "CUSTOM:MagicEgg"
      }
    ],
    "immuneToFire": true,
    "blockDropsTier": "NETHERITE",
    "blocksAffected": [],
    "stayInGridWhenCrafting": false,
    "damageOnCrafting": false,
    "onRightClickedOnBlock": {
      "name": "BlockRightClickedOnByMagicEggSword"
    },
    "onEntityHitWith": {
      "name": "EntityHitByMagicEggSword"
    }
  }
}