{
  "_fv": 77,
  "_type": "tool",
  "definition": {
    "toolType": "Axe",
    "renderType": 0,
    "blockingRenderType": 0,
    "texture": "magic_egg_axe_texture",
    "customModelName": "Normal",
    "blockingModelName": "Normal blocking",
    "name": "Magic Egg Axe",
    "specialInformation": {
      "fixedValue": [
        "Sharp and chops quick but brittle..."
      ]
    },
    "creativeTabs": [
      {
        "value": "CUSTOM:EggsAreNowInsaneCreativeTab"
      }
    ],
    "efficiency": 255.0,
    "attackSpeed": 1.0,
    "enchantability": 30,
    "damageVsEntity": 75.0,
    "usageCount": 127,
    "glowCondition": {
      "fixedValue": false
    },
    "repairItems": [
      {
        "value": "CUSTOM:MagicEgg"
      }
    ],
    "immuneToFire": true,
    "blockDropsTier": "NETHERITE",
    "blocksAffected": [],
    "stayInGridWhenCrafting": false,
    "damageOnCrafting": false,
    "onRightClickedOnBlock": {
      "name": "BlockRightClickedOnByMagicEggAxe"
    }
  }
}