{
  "_fv": 77,
  "_type": "recipe",
  "definition": {
    "recipeType": "Crafting",
    "recipeRetstackSize": 1,
    "group": "",
    "cookingBookCategory": "MISC",
    "xpReward": 0.0,
    "cookingTime": 200,
    "craftingBookCategory": "EQUIPMENT",
    "recipeShapeless": false,
    "recipeSlots": [
      {
        "value": "Items.BONE"
      },
      {
        "value": "CUSTOM:EyeOfDaisy"
      },
      {
        "value": "Items.BONE"
      },
      {
        "value": "CUSTOM:EyeOfDaisy"
      },
      {
        "value": "CUSTOM:MagicEggSword"
      },
      {
        "value": "CUSTOM:EyeOfDaisy"
      },
      {
        "value": "Items.BONE"
      },
      {
        "value": "CUSTOM:EyeOfDaisy"
      },
      {
        "value": "Items.BONE"
      }
    ],
    "recipeReturnStack": {
      "value": "CUSTOM:DaisysPaw"
    },
    "name": "daisys_paw_recipe",
    "namespace": "mod"
  }
}