{
  "_fv": 77,
  "_type": "gui",
  "definition": {
    "type": 1,
    "width": 176,
    "height": 200,
    "inventoryOffsetX": 0,
    "inventoryOffsetY": 15,
    "renderBgLayer": true,
    "doesPauseGame": false,
    "components": [
      {
        "type": "inputslot",
        "data": {
          "inputLimit": {
            "value": ""
          },
          "disablePlacement": {
            "fixedValue": false
          },
          "id": 0,
          "disablePickup": {
            "fixedValue": false
          },
          "dropItemsWhenNotBound": true,
          "x": 168,
          "y": 44,
          "locked": false
        }
      },
      {
        "type": "inputslot",
        "data": {
          "inputLimit": {
            "value": ""
          },
          "disablePlacement": {
            "fixedValue": false
          },
          "id": 1,
          "disablePickup": {
            "fixedValue": false
          },
          "dropItemsWhenNotBound": true,
          "x": 240,
          "y": 44,
          "locked": false
        }
      },
      {
        "type": "outputslot",
        "data": {
          "id": 2,
          "disablePickup": {
            "fixedValue": false
          },
          "dropItemsWhenNotBound": true,
          "x": 204,
          "y": 107,
          "locked": false
        }
      },
      {
        "type": "label",
        "data": {
          "name": "label_egg_magic_table",
          "text": {
            "fixedValue": "Egg Magic Table"
          },
          "color": {
            "value": -12829636,
            "falpha": 0.0
          },
          "x": 177,
          "y": 26,
          "locked": false
        }
      },
      {
        "type": "button",
        "data": {
          "name": "button_magicify",
          "text": "Magic-ify!",
          "isUndecorated": false,
          "onClick": {
            "name": "EggMagicTableMagicify"
          },
          "width": 77,
          "height": 20,
          "x": 177,
          "y": 80,
          "locked": false
        }
      },
      {
        "type": "label",
        "data": {
          "name": "label_cooked_egg",
          "text": {
            "fixedValue": "Cooked Egg"
          },
          "color": {
            "value": -13210,
            "falpha": 0.0
          },
          "x": 150,
          "y": 62,
          "locked": false
        }
      },
      {
        "type": "label",
        "data": {
          "name": "label_dragons_breath",
          "text": {
            "fixedValue": "Dragon's Breath"
          },
          "color": {
            "value": -39169,
            "falpha": 0.0
          },
          "x": 213,
          "y": 62,
          "locked": false
        }
      }
    ],
    "gridSettings": {
      "sx": 18,
      "sy": 18,
      "ox": 11,
      "oy": 15,
      "snapOnGrid": true
    }
  }
}