{
  "_fv": 77,
  "_type": "recipe",
  "definition": {
    "recipeType": "Crafting",
    "recipeRetstackSize": 1,
    "group": "",
    "cookingBookCategory": "MISC",
    "xpReward": 0.0,
    "cookingTime": 200,
    "craftingBookCategory": "MISC",
    "recipeShapeless": false,
    "recipeSlots": [
      {
        "value": "Blocks.RED_FLOWER#8"
      },
      {
        "value": "CUSTOM:MagicEggBlock"
      },
      {
        "value": "Blocks.RED_FLOWER#8"
      },
      {
        "value": "CUSTOM:MagicEggBlock"
      },
      {
        "value": "Items.ENDER_EYE"
      },
      {
        "value": "CUSTOM:MagicEggBlock"
      },
      {
        "value": "Blocks.RED_FLOWER#8"
      },
      {
        "value": "CUSTOM:MagicEggBlock"
      },
      {
        "value": "Blocks.RED_FLOWER#8"
      }
    ],
    "recipeReturnStack": {
      "value": "CUSTOM:EyeOfDaisy"
    },
    "name": "eye_of_daisy_recipe",
    "namespace": "mod"
  }
}