{
  "_fv": 77,
  "_type": "tool",
  "definition": {
    "toolType": "Pickaxe",
    "renderType": 0,
    "blockingRenderType": 0,
    "texture": "magic_egg_pickaxe_texture",
    "customModelName": "Normal",
    "blockingModelName": "Normal blocking",
    "name": "Magic Egg Pickaxe",
    "specialInformation": {
      "fixedValue": [
        "Powers through blocks but brittle...",
        "Right click to banish any block to the shadows..."
      ]
    },
    "creativeTabs": [
      {
        "value": "CUSTOM:EggsAreNowInsaneCreativeTab"
      }
    ],
    "efficiency": 20.0,
    "attackSpeed": 1.0,
    "enchantability": 30,
    "damageVsEntity": 10.0,
    "usageCount": 127,
    "glowCondition": {
      "fixedValue": false
    },
    "repairItems": [
      {
        "value": "CUSTOM:MagicEgg"
      }
    ],
    "immuneToFire": true,
    "blockDropsTier": "NETHERITE",
    "blocksAffected": [],
    "stayInGridWhenCrafting": false,
    "damageOnCrafting": false,
    "onRightClickedOnBlock": {
      "name": "BlockRightClickedByMagicEggPickaxe"
    }
  }
}