{
  "_fv": 77,
  "_type": "recipe",
  "definition": {
    "recipeType": "Crafting",
    "recipeRetstackSize": 1,
    "group": "",
    "cookingBookCategory": "MISC",
    "xpReward": 0.0,
    "cookingTime": 200,
    "craftingBookCategory": "MISC",
    "recipeShapeless": false,
    "recipeSlots": [
      {
        "value": "CUSTOM:MagicEgg"
      },
      {
        "value": "CUSTOM:MagicEgg"
      },
      {
        "value": "CUSTOM:MagicEgg"
      },
      {
        "value": "CUSTOM:MagicEgg"
      },
      {
        "value": "CUSTOM:MagicEgg"
      },
      {
        "value": "CUSTOM:MagicEgg"
      },
      {
        "value": "CUSTOM:MagicEgg"
      },
      {
        "value": "CUSTOM:MagicEgg"
      },
      {
        "value": "CUSTOM:MagicEgg"
      }
    ],
    "recipeReturnStack": {
      "value": "CUSTOM:MagicEggBlock"
    },
    "name": "magic_eggs_to_magic_egg_block",
    "namespace": "mod"
  }
}