{
  "_fv": 77,
  "_type": "achievement",
  "definition": {
    "achievementName": "This is no normal egg...",
    "achievementDescription": "It's an omelete consisting of cooked eggs and magic.",
    "achievementIcon": {
      "value": "CUSTOM:MagicEgg"
    },
    "background": "Default",
    "disableDisplay": false,
    "showPopup": true,
    "announceToChat": true,
    "hideIfNotCompleted": false,
    "rewardLoot": [],
    "rewardRecipes": [],
    "rewardXP": 255,
    "achievementType": "challenge",
    "parent": {
      "value": "No parent: root"
    },
    "triggerxml": "<xml xmlns=\"https://developers.google.com/blockly/xml\"><block type=\"advancement_trigger\" deletable=\"false\" x=\"1423\" y=\"500\"><next><block type=\"item_in_inventory\"><value name=\"amount_l\"><block type=\"math_number\"><field name=\"NUM\">1</field></block></value><value name=\"amount_h\"><block type=\"math_number\"><field name=\"NUM\">592</field></block></value><value name=\"item\"><block type=\"mcitem_all\"><field name=\"value\">CUSTOM:MagicEgg</field></block></value></block></next></block></xml>"
  }
}