{
  "display": {
    "icon": {
      "item": "eggsanity:eye_of_daisy"
    },
    "title": {
      "translate": "advancements.eye_eye_eye.title"
    },
    "description": {
      "translate": "advancements.eye_eye_eye.descr"
    },
    "frame": "challenge",
    "show_toast": true,
    "announce_to_chat": true,
    "hidden": false
  },
  "criteria": {
    "eye_eye_eye_0": {
      "trigger": "minecraft:inventory_changed",
      "conditions": {
        "items": [
          {
            "items": [
              "eggsanity:eye_of_daisy"
            ],
            "count": {
              "min": 1,
              "max": 37
            }
          }
        ]
      }
    }
  },
  "parent": "eggsanity:this_is_no_normal_egg"
}