{
  "display": {
    "background": "minecraft:textures/block/stone.png",
    "icon": {
      "item": "eggsanity:magic_egg"
    },
    "title": {
      "translate": "advancements.this_is_no_normal_egg.title"
    },
    "description": {
      "translate": "advancements.this_is_no_normal_egg.descr"
    },
    "frame": "challenge",
    "show_toast": true,
    "announce_to_chat": true,
    "hidden": false
  },
  "criteria": {
    "this_is_no_normal_egg_0": {
      "trigger": "minecraft:inventory_changed",
      "conditions": {
        "items": [
          {
            "items": [
              "eggsanity:magic_egg"
            ],
            "count": {
              "min": 1,
              "max": 592
            }
          }
        ]
      }
    }
  },
  "rewards": {
    "experience": 255
  }
}